"match_id","match_date","home_team","away_team","home_goals","away_goals","home_shots","away_shots","home_shots_target","away_shots_target","home_corners","away_corners","home_fouls","away_fouls","home_yellow","away_yellow","home_red","away_red","avg_home_odds","avg_draw_odds","avg_away_odds","goal_difference","total_goals","home_shot_accuracy","away_shot_accuracy","home_conversion_rate","away_conversion_rate","total_corners","corner_difference","total_fouls","total_yellow_cards","total_red_cards","red_card_match","over_2_5_goals","home_clean_sheet","away_clean_sheet","home_points","away_points"
1,"2025-08-15","Liverpool","Bournemouth",4,2,19,10,10,3,6,7,7,10,1,2,0,0,1.31,5.96,8.31,2,6,52.63,30.0,40.0,66.67,13,-1,17,3,0,"No","Yes","No","No",3,0
2,"2025-08-16","Aston Villa","Newcastle",0,0,3,16,3,3,3,6,13,11,1,1,1,0,2.3,3.56,2.94,0,0,100.0,18.75,0.0,0.0,9,-3,24,2,1,"Yes","No","Yes","Yes",1,1
3,"2025-08-16","Brighton","Fulham",1,1,10,7,4,2,4,3,16,15,3,3,0,0,1.92,3.62,3.91,0,2,40.0,28.57,25.0,50.0,7,1,31,6,0,"No","No","No","No",1,1
4,"2025-08-16","Sunderland","West Ham",3,0,10,12,5,4,5,7,8,10,0,1,0,0,3.17,3.38,2.26,3,3,50.0,33.33,60.0,0.0,12,-2,18,1,0,"No","Yes","Yes","No",3,0
5,"2025-08-16","Tottenham","Burnley",3,0,16,14,6,4,6,5,14,8,0,0,0,0,1.37,4.8,8.3,3,3,37.5,28.57,50.0,0.0,11,1,22,0,0,"No","Yes","Yes","No",3,0
6,"2025-08-16","Wolverhampton Wanderers","Manchester City",0,4,9,15,3,4,4,6,13,7,1,2,0,0,6.73,4.73,1.44,-4,4,33.33,26.67,0.0,100.0,10,-2,20,3,0,"No","Yes","No","Yes",0,3
7,"2025-08-17","Chelsea","Crystal Palace",0,0,19,12,3,4,11,2,10,12,2,3,0,0,1.61,4.21,5.08,0,0,15.79,33.33,0.0,0.0,13,9,22,5,0,"No","No","Yes","Yes",1,1
8,"2025-08-17","Nottingham Forest","Brentford",3,1,11,10,5,3,5,5,7,15,1,2,0,0,2.15,3.36,3.43,2,4,45.45,30.0,60.0,33.33,10,0,22,3,0,"No","Yes","No","No",3,0
9,"2025-08-17","Manchester United","Arsenal",0,1,22,9,7,3,3,4,10,19,1,4,0,0,3.57,3.56,2.01,-1,1,31.82,33.33,0.0,33.33,7,-1,29,5,0,"No","No","No","Yes",0,3
10,"2025-08-18","Leeds","Everton",1,0,21,7,3,1,7,2,6,8,0,2,0,0,2.39,3.29,2.96,1,1,14.29,14.29,33.33,0.0,9,5,14,2,0,"No","No","Yes","No",3,0
11,"2025-08-22","West Ham","Chelsea",1,5,12,12,4,7,7,5,7,10,0,1,0,0,4.68,3.88,1.71,-4,6,33.33,58.33,25.0,71.43,12,2,17,1,0,"No","Yes","No","No",0,3
12,"2025-08-23","Manchester City","Tottenham",0,2,10,12,4,5,7,2,7,12,1,4,0,0,1.48,4.7,6.08,-2,2,40.0,41.67,0.0,40.0,9,5,19,5,0,"No","No","No","Yes",0,3
13,"2025-08-23","Bournemouth","Wolverhampton Wanderers",1,0,14,6,4,1,8,3,13,16,2,4,0,1,1.79,3.88,4.24,1,1,28.57,16.67,25.0,0.0,11,5,29,6,1,"Yes","No","Yes","No",3,0
14,"2025-08-23","Brentford","Aston Villa",1,0,9,17,2,2,2,9,11,9,1,2,0,0,3.11,3.53,2.21,1,1,22.22,11.76,50.0,0.0,11,-7,20,3,0,"No","No","Yes","No",3,0
15,"2025-08-23","Burnley","Sunderland",2,0,7,9,2,1,4,3,9,5,0,1,0,0,2.25,3.16,3.42,2,2,28.57,11.11,100.0,0.0,7,1,14,1,0,"No","No","Yes","No",3,0
16,"2025-08-23","Arsenal","Leeds",5,0,18,3,5,1,2,2,8,11,0,2,0,0,1.27,5.93,10.61,5,5,27.78,33.33,100.0,0.0,4,0,19,2,0,"No","Yes","Yes","No",3,0
17,"2025-08-24","Crystal Palace","Nottingham Forest",1,1,8,9,4,1,1,3,11,11,3,3,0,0,2.35,3.26,3.07,0,2,50.0,11.11,25.0,100.0,4,-2,22,6,0,"No","No","No","No",1,1
18,"2025-08-24","Everton","Brighton",2,0,11,13,3,4,2,2,7,15,4,3,0,0,3.08,3.3,2.32,2,2,27.27,30.77,66.67,0.0,4,0,22,7,0,"No","No","Yes","No",3,0
19,"2025-08-24","Fulham","Manchester United",1,1,13,10,4,3,9,6,12,10,1,1,0,0,3.27,3.53,2.13,0,2,30.77,30.0,25.0,33.33,15,3,22,2,0,"No","No","No","No",1,1
20,"2025-08-25","Newcastle","Liverpool",2,3,10,5,3,4,7,1,17,15,2,3,1,0,3.3,3.83,2.02,-1,5,30.0,80.0,66.67,75.0,8,6,32,5,1,"Yes","Yes","No","No",0,3
21,"2025-08-30","Chelsea","Fulham",2,0,13,11,6,3,6,4,11,17,2,2,0,0,1.55,4.35,5.6,2,2,46.15,27.27,33.33,0.0,10,2,28,4,0,"No","No","Yes","No",3,0
22,"2025-08-30","Manchester United","Burnley",3,2,26,6,6,3,7,1,9,9,1,5,0,0,1.35,5.15,8.28,1,5,23.08,50.0,50.0,66.67,8,6,18,6,0,"No","Yes","No","No",3,0
23,"2025-08-30","Sunderland","Brentford",2,1,12,7,3,4,3,4,11,12,3,2,0,0,2.92,3.27,2.46,1,3,25.0,57.14,66.67,25.0,7,-1,23,5,0,"No","Yes","No","No",3,0
24,"2025-08-30","Tottenham","Bournemouth",0,1,5,20,1,6,0,8,17,13,2,4,0,0,1.73,4.06,4.29,-1,1,20.0,30.0,0.0,16.67,8,-8,30,6,0,"No","No","No","Yes",0,3
25,"2025-08-30","Wolverhampton Wanderers","Everton",2,3,12,10,4,4,2,2,15,10,0,1,0,0,2.66,3.19,2.74,-1,5,33.33,40.0,50.0,75.0,4,0,25,1,0,"No","Yes","No","No",0,3
26,"2025-08-30","Leeds","Newcastle",0,0,10,8,1,2,5,5,10,15,1,1,0,0,3.37,3.49,2.12,0,0,10.0,25.0,0.0,0.0,10,0,25,2,0,"No","No","Yes","Yes",1,1
27,"2025-08-31","Brighton","Manchester City",2,1,12,12,7,3,3,2,16,14,2,2,0,0,3.78,3.84,1.85,1,3,58.33,25.0,28.57,33.33,5,1,30,4,0,"No","Yes","No","No",3,0
28,"2025-08-31","Nottingham Forest","West Ham",0,3,11,12,3,8,9,7,14,6,0,0,0,0,1.69,3.74,5.03,-3,3,27.27,66.67,0.0,37.5,16,2,20,0,0,"No","Yes","No","Yes",0,3
29,"2025-08-31","Liverpool","Arsenal",1,0,9,11,3,1,3,8,7,10,2,2,0,0,2.2,3.49,3.17,1,1,33.33,9.09,33.33,0.0,11,-5,17,4,0,"No","No","Yes","No",3,0
30,"2025-08-31","Aston Villa","Crystal Palace",0,3,13,6,4,4,10,1,7,14,2,3,0,0,1.88,3.56,4.07,-3,3,30.77,66.67,0.0,75.0,11,9,21,5,0,"No","Yes","No","Yes",0,3
31,"2025-09-13","Arsenal","Nottingham Forest",3,0,16,5,5,1,8,4,8,11,1,1,0,0,1.38,4.85,8.16,3,3,31.25,20.0,60.0,0.0,12,4,19,2,0,"No","Yes","Yes","No",3,0
32,"2025-09-13","Bournemouth","Brighton",2,1,13,6,5,2,4,4,16,10,4,4,0,0,2.38,3.5,2.87,1,3,38.46,33.33,40.0,50.0,8,0,26,8,0,"No","Yes","No","No",3,0
33,"2025-09-13","Crystal Palace","Sunderland",0,0,14,6,6,0,5,3,10,8,1,1,0,0,1.66,3.76,5.42,0,0,42.86,0.0,0.0,0.0,8,2,18,2,0,"No","No","Yes","Yes",1,1
34,"2025-09-13","Everton","Aston Villa",0,0,20,7,2,1,10,3,17,15,3,3,0,0,2.44,3.27,2.95,0,0,10.0,14.29,0.0,0.0,13,7,32,6,0,"No","No","Yes","Yes",1,1
35,"2025-09-13","Fulham","Leeds",1,0,5,10,3,3,3,3,20,15,1,2,0,0,1.96,3.51,3.89,1,1,60.0,30.0,33.33,0.0,6,0,35,3,0,"No","No","Yes","No",3,0
36,"2025-09-13","Newcastle","Wolverhampton Wanderers",1,0,16,8,4,3,10,4,10,17,1,4,0,0,1.43,4.62,7.45,1,1,25.0,37.5,25.0,0.0,14,6,27,5,0,"No","No","Yes","No",3,0
37,"2025-09-13","West Ham","Tottenham",0,3,7,14,4,5,2,13,8,7,0,1,1,0,3.36,3.56,2.1,-3,3,57.14,35.71,0.0,60.0,15,-11,15,1,1,"Yes","Yes","No","Yes",0,3
38,"2025-09-13","Brentford","Chelsea",2,2,7,16,4,6,5,6,13,9,3,2,0,0,4.54,3.92,1.73,0,4,57.14,37.5,50.0,33.33,11,-1,22,5,0,"No","Yes","No","No",1,1
39,"2025-09-14","Burnley","Liverpool",0,1,3,27,0,4,1,13,9,9,0,2,0,0,8.6,5.43,1.33,-1,1,0.0,14.81,0.0,25.0,14,-12,18,2,0,"No","No","No","Yes",0,3
40,"2025-09-14","Manchester City","Manchester United",3,0,13,12,6,2,2,4,8,8,0,0,0,0,1.76,3.99,4.19,3,3,46.15,16.67,50.0,0.0,6,-2,16,0,0,"No","Yes","Yes","No",3,0
41,"2025-09-20","Liverpool","Everton",2,1,11,9,3,2,5,4,11,10,2,3,0,0,1.45,4.65,6.7,1,3,27.27,22.22,66.67,50.0,9,1,21,5,0,"No","Yes","No","No",3,0
42,"2025-09-20","Brighton","Tottenham",2,2,12,11,4,3,2,10,10,13,1,2,0,0,2.25,3.61,3.0,0,4,33.33,27.27,50.0,66.67,12,-8,23,3,0,"No","Yes","No","No",1,1
43,"2025-09-20","Burnley","Nottingham Forest",1,1,12,17,5,8,4,5,12,11,1,1,0,0,3.36,3.37,2.18,0,2,41.67,47.06,20.0,12.5,9,-1,23,2,0,"No","No","No","No",1,1
44,"2025-09-20","West Ham","Crystal Palace",1,2,8,18,3,3,8,8,15,5,3,3,0,0,2.98,3.36,2.37,-1,3,37.5,16.67,33.33,66.67,16,0,20,6,0,"No","Yes","No","No",0,3
45,"2025-09-20","Wolverhampton Wanderers","Leeds",1,3,16,6,6,4,4,0,11,9,1,1,0,0,2.67,3.16,2.74,-2,4,37.5,66.67,16.67,75.0,4,4,20,2,0,"No","Yes","No","No",0,3
46,"2025-09-20","Manchester United","Chelsea",2,1,11,5,4,1,5,5,13,14,0,5,1,1,2.68,3.69,2.44,1,3,36.36,20.0,50.0,100.0,10,0,27,5,2,"Yes","Yes","No","No",3,0
47,"2025-09-20","Fulham","Brentford",3,1,14,8,3,3,2,10,11,13,4,1,0,0,2.02,3.48,3.69,2,4,21.43,37.5,100.0,33.33,12,-8,24,5,0,"No","Yes","No","No",3,0
48,"2025-09-21","Bournemouth","Newcastle",0,0,11,4,2,1,5,2,7,10,2,1,0,0,2.44,3.45,2.78,0,0,18.18,25.0,0.0,0.0,7,3,17,3,0,"No","No","Yes","Yes",1,1
49,"2025-09-21","Sunderland","Aston Villa",1,1,14,12,4,2,6,5,14,8,2,1,1,0,3.56,3.34,2.1,0,2,28.57,16.67,25.0,50.0,11,1,22,3,1,"Yes","No","No","No",1,1
50,"2025-09-21","Arsenal","Manchester City",1,1,12,5,3,3,11,2,11,10,1,2,0,0,1.9,3.7,3.85,0,2,25.0,60.0,33.33,33.33,13,9,21,3,0,"No","No","No","No",1,1
51,"2025-09-27","Brentford","Manchester United",3,1,10,14,8,6,4,2,14,10,2,2,0,0,3.4,3.77,2.02,2,4,80.0,42.86,37.5,16.67,6,2,24,4,0,"No","Yes","No","No",3,0
52,"2025-09-27","Chelsea","Brighton",1,3,13,12,3,3,5,7,9,16,3,5,1,0,1.86,3.86,3.86,-2,4,23.08,25.0,33.33,100.0,12,-2,25,8,1,"Yes","Yes","No","No",0,3
53,"2025-09-27","Crystal Palace","Liverpool",2,1,16,20,7,4,2,6,10,8,1,3,0,0,3.82,3.72,1.91,1,3,43.75,20.0,28.57,25.0,8,-4,18,4,0,"No","Yes","No","No",3,0
54,"2025-09-27","Leeds","Bournemouth",2,2,19,12,8,5,7,4,12,13,2,2,0,0,2.98,3.29,2.41,0,4,42.11,41.67,25.0,40.0,11,3,25,4,0,"No","Yes","No","No",1,1
55,"2025-09-27","Manchester City","Burnley",5,1,21,9,8,2,10,2,5,7,1,3,0,0,1.17,7.48,15.54,4,6,38.1,22.22,62.5,50.0,12,8,12,4,0,"No","Yes","No","No",3,0
56,"2025-09-27","Nottingham Forest","Sunderland",0,1,22,11,6,3,7,4,11,6,4,2,0,0,1.77,3.67,4.64,-1,1,27.27,27.27,0.0,33.33,11,3,17,6,0,"No","No","No","Yes",0,3
57,"2025-09-27","Tottenham","Wolverhampton Wanderers",1,1,10,9,3,3,10,9,9,11,3,2,0,0,1.47,4.57,6.38,0,2,30.0,33.33,33.33,33.33,19,1,20,5,0,"No","No","No","No",1,1
58,"2025-09-28","Aston Villa","Fulham",3,1,9,11,4,4,2,8,10,13,1,4,0,0,2.29,3.19,3.3,2,4,44.44,36.36,75.0,25.0,10,-6,23,5,0,"No","Yes","No","No",3,0
59,"2025-09-28","Newcastle","Arsenal",1,2,8,20,3,7,7,12,8,9,2,1,0,0,3.51,3.32,2.12,-1,3,37.5,35.0,33.33,28.57,19,-5,17,3,0,"No","Yes","No","No",0,3
60,"2025-09-29","Everton","West Ham",1,1,12,14,6,3,3,5,7,16,3,4,0,0,1.72,3.69,4.83,0,2,50.0,21.43,16.67,33.33,8,-2,23,7,0,"No","No","No","No",1,1
61,"2025-10-03","Bournemouth","Fulham",3,1,11,12,6,4,4,3,8,10,0,1,0,0,1.97,3.5,3.85,2,4,54.55,33.33,50.0,25.0,7,1,18,1,0,"No","Yes","No","No",3,0
62,"2025-10-04","Leeds","Tottenham",1,2,16,9,4,3,4,1,10,12,2,3,0,0,2.75,3.46,2.49,-1,3,25.0,33.33,25.0,66.67,5,3,22,5,0,"No","Yes","No","No",0,3
63,"2025-10-04","Arsenal","West Ham",2,0,21,4,5,0,8,3,14,14,0,2,0,0,1.19,6.83,15.25,2,2,23.81,0.0,40.0,0.0,11,5,28,2,0,"No","No","Yes","No",3,0
64,"2025-10-04","Manchester United","Sunderland",2,0,15,8,6,3,2,3,10,12,1,4,0,0,1.5,4.55,5.98,2,2,40.0,37.5,33.33,0.0,5,-1,22,5,0,"No","No","Yes","No",3,0
65,"2025-10-04","Chelsea","Liverpool",2,1,12,12,6,2,7,2,9,8,0,2,0,0,2.87,3.7,2.28,1,3,50.0,16.67,33.33,50.0,9,5,17,2,0,"No","Yes","No","No",3,0
66,"2025-10-05","Aston Villa","Burnley",2,1,15,5,7,2,6,4,9,15,3,1,0,0,1.59,4.0,5.76,1,3,46.67,40.0,28.57,50.0,10,2,24,4,0,"No","Yes","No","No",3,0
67,"2025-10-05","Everton","Crystal Palace",2,1,14,15,7,8,2,4,13,16,2,3,0,0,2.53,3.21,2.89,1,3,50.0,53.33,28.57,12.5,6,-2,29,5,0,"No","Yes","No","No",3,0
68,"2025-10-05","Newcastle","Nottingham Forest",2,0,18,5,9,4,8,1,16,15,0,4,0,0,1.58,4.21,5.46,2,2,50.0,80.0,22.22,0.0,9,7,31,4,0,"No","No","Yes","No",3,0
69,"2025-10-05","Wolverhampton Wanderers","Brighton",1,1,6,17,3,6,2,8,13,9,2,4,0,0,3.67,3.6,1.99,0,2,50.0,35.29,33.33,16.67,10,-6,22,6,0,"No","No","No","No",1,1
70,"2025-10-05","Brentford","Manchester City",0,1,6,10,1,4,3,2,10,6,3,2,0,0,4.73,4.27,1.64,-1,1,16.67,40.0,0.0,25.0,5,1,16,5,0,"No","No","No","Yes",0,3
71,"2025-10-18","Nottingham Forest","Chelsea",0,3,12,17,2,6,5,2,13,16,2,2,0,1,3.75,3.74,1.93,-3,3,16.67,35.29,0.0,50.0,7,3,29,4,1,"Yes","Yes","No","Yes",0,3
72,"2025-10-18","Brighton","Newcastle",2,1,13,16,5,3,8,4,9,9,0,1,0,0,2.61,3.48,2.62,1,3,38.46,18.75,40.0,33.33,12,4,18,1,0,"No","Yes","No","No",3,0
73,"2025-10-18","Burnley","Leeds",2,0,4,19,3,4,1,5,10,7,2,1,0,0,3.3,3.25,2.26,2,2,75.0,21.05,66.67,0.0,6,-4,17,3,0,"No","No","Yes","No",3,0
74,"2025-10-18","Crystal Palace","Bournemouth",3,3,20,8,7,5,6,5,8,16,1,4,0,0,2.25,3.35,3.22,0,6,35.0,62.5,42.86,60.0,11,1,24,5,0,"No","Yes","No","No",1,1
75,"2025-10-18","Manchester City","Everton",2,0,19,5,7,1,11,3,8,14,0,2,0,0,1.38,4.92,7.91,2,2,36.84,20.0,28.57,0.0,14,8,22,2,0,"No","No","Yes","No",3,0
76,"2025-10-18","Sunderland","Wolverhampton Wanderers",2,0,8,16,2,3,3,2,5,12,0,0,0,0,2.46,3.07,3.13,2,2,25.0,18.75,100.0,0.0,5,1,17,0,0,"No","No","Yes","No",3,0
77,"2025-10-18","Fulham","Arsenal",0,1,9,16,0,5,6,10,11,4,0,0,0,0,6.14,4.13,1.54,-1,1,0.0,31.25,0.0,20.0,16,-4,15,0,0,"No","No","No","Yes",0,3
78,"2025-10-19","Tottenham","Aston Villa",1,2,9,8,3,2,6,6,11,7,2,0,0,0,2.06,3.56,3.42,-1,3,33.33,25.0,33.33,100.0,12,0,18,2,0,"No","Yes","No","No",0,3
79,"2025-10-19","Liverpool","Manchester United",1,2,19,12,6,4,9,4,8,14,0,2,0,0,1.6,4.4,4.89,-1,3,31.58,33.33,16.67,50.0,13,5,22,2,0,"No","Yes","No","No",0,3
80,"2025-10-20","West Ham","Brentford",0,2,7,22,1,7,6,10,10,10,1,1,0,0,2.46,3.37,2.82,-2,2,14.29,31.82,0.0,28.57,16,-4,20,2,0,"No","No","No","Yes",0,3
81,"2025-10-24","Leeds","West Ham",2,1,13,9,5,3,3,4,12,11,3,3,0,0,1.81,3.57,4.59,1,3,38.46,33.33,40.0,33.33,7,-1,23,6,0,"No","Yes","No","No",3,0
82,"2025-10-25","Chelsea","Sunderland",1,2,16,10,7,4,9,1,15,13,1,1,0,0,1.37,4.99,8.31,-1,3,43.75,40.0,14.29,50.0,10,8,28,2,0,"No","Yes","No","No",0,3
83,"2025-10-25","Newcastle","Fulham",2,1,18,12,7,5,4,3,11,18,0,2,0,0,1.62,3.97,5.44,1,3,38.89,41.67,28.57,20.0,7,1,29,2,0,"No","Yes","No","No",3,0
84,"2025-10-25","Manchester United","Brighton",4,2,13,17,9,5,1,6,4,13,2,2,0,0,2.0,3.83,3.45,2,6,69.23,29.41,44.44,40.0,7,-5,17,4,0,"No","Yes","No","No",3,0
85,"2025-10-25","Brentford","Liverpool",3,2,17,18,8,5,5,4,7,10,3,2,0,0,4.28,4.13,1.73,1,5,47.06,27.78,37.5,40.0,9,1,17,5,0,"No","Yes","No","No",3,0
86,"2025-10-26","Arsenal","Crystal Palace",1,0,10,7,3,1,4,3,6,11,0,0,0,0,1.41,4.6,7.76,1,1,30.0,14.29,33.33,0.0,7,1,17,0,0,"No","No","Yes","No",3,0
87,"2025-10-26","Aston Villa","Manchester City",1,0,9,18,3,4,5,6,8,16,1,4,0,0,4.08,3.8,1.83,1,1,33.33,22.22,33.33,0.0,11,-1,24,5,0,"No","No","Yes","No",3,0
88,"2025-10-26","Bournemouth","Nottingham Forest",2,0,13,8,5,4,6,4,17,7,3,1,0,0,1.79,3.79,4.29,2,2,38.46,50.0,40.0,0.0,10,2,24,4,0,"No","No","Yes","No",3,0
89,"2025-10-26","Wolverhampton Wanderers","Burnley",2,3,15,11,7,7,5,3,12,7,1,0,0,0,1.97,3.3,4.06,-1,5,46.67,63.64,28.57,42.86,8,2,19,1,0,"No","Yes","No","No",0,3
90,"2025-10-26","Everton","Tottenham",0,3,12,7,2,4,9,8,9,8,2,0,0,0,2.35,3.38,2.99,-3,3,16.67,57.14,0.0,75.0,17,1,17,2,0,"No","Yes","No","Yes",0,3
91,"2025-11-01","Brighton","Leeds",3,0,14,5,7,2,4,7,10,7,0,1,0,0,1.85,3.74,4.11,3,3,50.0,40.0,42.86,0.0,11,-3,17,1,0,"No","Yes","Yes","No",3,0
92,"2025-11-01","Burnley","Arsenal",0,2,3,12,0,8,1,6,10,13,2,1,0,0,10.97,5.65,1.28,-2,2,0.0,66.67,0.0,25.0,7,-5,23,3,0,"No","No","No","Yes",0,3
93,"2025-11-01","Crystal Palace","Brentford",2,0,9,6,2,2,6,5,7,11,0,3,0,0,1.92,3.65,3.85,2,2,22.22,33.33,100.0,0.0,11,1,18,3,0,"No","No","Yes","No",3,0
94,"2025-11-01","Fulham","Wolverhampton Wanderers",3,0,19,5,6,2,10,1,13,14,1,3,0,1,1.84,3.46,4.51,3,3,31.58,40.0,50.0,0.0,11,9,27,4,1,"Yes","Yes","Yes","No",3,0
95,"2025-11-01","Nottingham Forest","Manchester United",2,2,17,18,3,7,8,5,10,7,1,1,0,0,3.41,3.67,2.05,0,4,17.65,38.89,66.67,28.57,13,3,17,2,0,"No","Yes","No","No",1,1
96,"2025-11-01","Tottenham","Chelsea",0,1,3,15,1,9,6,5,14,12,4,2,0,0,2.71,3.52,2.5,-1,1,33.33,60.0,0.0,11.11,11,1,26,6,0,"No","No","No","Yes",0,3
97,"2025-11-01","Liverpool","Aston Villa",2,0,16,10,4,3,1,4,13,11,2,3,0,0,1.63,4.32,4.81,2,2,25.0,30.0,50.0,0.0,5,-3,24,5,0,"No","No","Yes","No",3,0
98,"2025-11-02","West Ham","Newcastle",3,1,15,12,9,4,7,6,5,10,1,2,0,0,4.99,4.08,1.64,2,4,60.0,33.33,33.33,25.0,13,1,15,3,0,"No","Yes","No","No",3,0
99,"2025-11-02","Manchester City","Bournemouth",3,1,15,8,8,5,10,4,8,11,2,2,0,0,1.49,4.64,5.9,2,4,53.33,62.5,37.5,20.0,14,6,19,4,0,"No","Yes","No","No",3,0
100,"2025-11-03","Sunderland","Everton",1,1,17,8,3,2,4,1,10,12,3,2,0,0,2.74,3.12,2.67,0,2,17.65,25.0,33.33,50.0,5,3,22,5,0,"No","No","No","No",1,1
101,"2025-11-08","Tottenham","Manchester United",2,2,10,5,4,2,5,3,10,8,5,1,0,0,2.65,3.58,2.52,0,4,40.0,40.0,50.0,100.0,8,2,18,6,0,"No","Yes","No","No",1,1
102,"2025-11-08","Everton","Fulham",2,0,14,8,5,4,7,5,11,14,2,2,0,0,2.2,3.28,3.4,2,2,35.71,50.0,40.0,0.0,12,2,25,4,0,"No","No","Yes","No",3,0
103,"2025-11-08","West Ham","Burnley",3,2,15,16,6,7,7,4,15,13,2,2,0,0,1.94,3.5,3.98,1,5,40.0,43.75,50.0,28.57,11,3,28,4,0,"No","Yes","No","No",3,0
104,"2025-11-08","Sunderland","Arsenal",2,2,6,17,2,7,2,2,13,13,2,1,0,0,8.39,4.67,1.39,0,4,33.33,41.18,100.0,28.57,4,0,26,3,0,"No","Yes","No","No",1,1
105,"2025-11-08","Chelsea","Wolverhampton Wanderers",3,0,20,3,8,0,10,1,12,14,1,2,0,0,1.36,5.06,8.27,3,3,40.0,0.0,37.5,0.0,11,9,26,3,0,"No","Yes","Yes","No",3,0
106,"2025-11-09","Aston Villa","Bournemouth",4,0,16,13,8,4,6,9,8,20,2,2,0,0,2.19,3.45,3.25,4,4,50.0,30.77,50.0,0.0,15,-3,28,4,0,"No","Yes","Yes","No",3,0
107,"2025-11-09","Brentford","Newcastle",3,1,15,5,7,1,6,2,10,13,2,1,0,0,2.84,3.4,2.45,2,4,46.67,20.0,42.86,100.0,8,4,23,3,0,"No","Yes","No","No",3,0
108,"2025-11-09","Crystal Palace","Brighton",0,0,10,7,2,3,4,8,10,12,1,4,0,0,2.27,3.52,3.04,0,0,20.0,42.86,0.0,0.0,12,-4,22,5,0,"No","No","Yes","Yes",1,1
109,"2025-11-09","Nottingham Forest","Leeds",3,1,14,10,6,3,6,4,10,11,2,1,0,0,2.22,3.32,3.29,2,4,42.86,30.0,50.0,33.33,10,2,21,3,0,"No","Yes","No","No",3,0
110,"2025-11-09","Manchester City","Liverpool",3,0,14,7,6,1,7,7,14,15,2,4,0,0,1.88,3.92,3.72,3,3,42.86,14.29,50.0,0.0,14,0,29,6,0,"No","Yes","Yes","No",3,0
111,"2025-11-22","Burnley","Chelsea",0,2,8,15,2,5,1,9,13,8,2,3,0,0,6.56,4.45,1.48,-2,2,25.0,33.33,0.0,40.0,10,-8,21,5,0,"No","No","No","Yes",0,3
112,"2025-11-22","Bournemouth","West Ham",2,2,28,5,10,2,9,2,9,10,3,2,0,0,1.62,4.09,5.14,0,4,35.71,40.0,20.0,100.0,11,7,19,5,0,"No","Yes","No","No",1,1
113,"2025-11-22","Brighton","Brentford",2,1,14,10,5,4,7,4,10,9,4,2,0,0,1.93,3.66,3.82,1,3,35.71,40.0,40.0,25.0,11,3,19,6,0,"No","Yes","No","No",3,0
114,"2025-11-22","Fulham","Sunderland",1,0,24,4,6,2,7,4,5,13,3,3,0,0,2.1,3.24,3.74,1,1,25.0,50.0,16.67,0.0,11,3,18,6,0,"No","No","Yes","No",3,0
115,"2025-11-22","Liverpool","Nottingham Forest",0,3,21,15,4,7,8,6,11,8,2,0,0,0,1.42,4.86,6.97,-3,3,19.05,46.67,0.0,42.86,14,2,19,2,0,"No","Yes","No","Yes",0,3
116,"2025-11-22","Wolverhampton Wanderers","Crystal Palace",0,2,8,10,1,4,1,4,13,9,2,3,0,0,3.86,3.5,1.97,-2,2,12.5,40.0,0.0,50.0,5,-3,22,5,0,"No","No","No","Yes",0,3
117,"2025-11-22","Newcastle","Manchester City",2,1,9,17,5,4,5,9,13,8,1,3,0,0,3.54,3.75,1.98,1,3,55.56,23.53,40.0,25.0,14,-4,21,4,0,"No","Yes","No","No",3,0
118,"2025-11-23","Leeds","Aston Villa",1,2,14,14,5,3,3,3,18,16,5,1,0,0,3.04,3.25,2.37,-1,3,35.71,21.43,20.0,66.67,6,0,34,6,0,"No","Yes","No","No",0,3
119,"2025-11-23","Arsenal","Tottenham",4,1,17,3,8,2,4,1,11,15,1,3,0,0,1.39,4.66,8.03,3,5,47.06,66.67,50.0,50.0,5,3,26,4,0,"No","Yes","No","No",3,0
120,"2025-11-24","Manchester United","Everton",0,1,25,3,6,1,9,1,12,9,2,0,0,1,1.74,3.83,4.49,-1,1,24.0,33.33,0.0,100.0,10,8,21,2,1,"Yes","No","No","Yes",0,3
121,"2025-11-29","Brentford","Burnley",3,1,14,6,4,2,5,6,7,7,0,2,0,0,1.45,4.54,6.96,2,4,28.57,33.33,75.0,50.0,11,-1,14,2,0,"No","Yes","No","No",3,0
122,"2025-11-29","Manchester City","Leeds",3,2,18,9,9,4,8,1,17,11,4,1,0,0,1.23,6.42,11.78,1,5,50.0,44.44,33.33,50.0,9,7,28,5,0,"No","Yes","No","No",3,0
123,"2025-11-29","Sunderland","Bournemouth",3,2,12,18,6,6,6,3,14,13,5,5,0,1,3.04,3.3,2.35,1,5,50.0,33.33,50.0,33.33,9,3,27,10,1,"Yes","Yes","No","No",3,0
124,"2025-11-29","Everton","Newcastle",1,4,10,13,2,8,8,7,4,6,0,0,0,0,2.79,3.31,2.55,-3,5,20.0,61.54,50.0,50.0,15,1,10,0,0,"No","Yes","No","No",0,3
125,"2025-11-29","Tottenham","Fulham",1,2,14,7,2,3,8,2,11,7,3,2,0,0,2.18,3.39,3.33,-1,3,14.29,42.86,50.0,66.67,10,6,18,5,0,"No","Yes","No","No",0,3
126,"2025-11-30","Crystal Palace","Manchester United",1,2,14,14,3,6,4,4,14,14,3,2,0,0,2.32,3.51,2.93,-1,3,21.43,42.86,33.33,33.33,8,0,28,5,0,"No","Yes","No","No",0,3
127,"2025-11-30","Aston Villa","Wolverhampton Wanderers",1,0,16,9,6,4,7,3,13,21,0,4,0,0,1.48,4.39,6.57,1,1,37.5,44.44,16.67,0.0,10,4,34,4,0,"No","No","Yes","No",3,0
128,"2025-11-30","Nottingham Forest","Brighton",0,2,19,17,3,6,9,2,11,10,0,1,0,0,2.72,3.36,2.54,-2,2,15.79,35.29,0.0,33.33,11,7,21,1,0,"No","No","No","Yes",0,3
129,"2025-11-30","West Ham","Liverpool",0,2,7,9,0,5,7,2,12,14,1,0,1,0,4.28,4.06,1.74,-2,2,0.0,55.56,0.0,40.0,9,5,26,1,1,"Yes","No","No","Yes",0,3
130,"2025-11-30","Chelsea","Arsenal",1,1,11,8,4,4,3,3,12,13,1,6,1,0,3.33,3.35,2.18,0,2,36.36,50.0,25.0,25.0,6,0,25,7,1,"Yes","No","No","No",1,1
131,"2025-12-02","Bournemouth","Everton",0,1,5,13,2,3,1,6,14,14,3,3,0,0,2.2,3.29,3.38,-1,1,40.0,23.08,0.0,33.33,7,-5,28,6,0,"No","No","No","Yes",0,3
132,"2025-12-02","Fulham","Manchester City",4,5,12,11,6,4,7,2,9,7,0,1,0,0,4.66,4.04,1.69,-1,9,50.0,36.36,66.67,125.0,9,5,16,1,0,"No","Yes","No","No",0,3
133,"2025-12-02","Newcastle","Tottenham",2,2,19,8,7,2,11,8,5,12,0,3,0,0,1.8,3.78,4.24,0,4,36.84,25.0,28.57,100.0,19,3,17,3,0,"No","Yes","No","No",1,1
134,"2025-12-03","Arsenal","Brentford",2,0,15,6,7,1,4,8,7,9,0,1,0,0,1.35,4.97,8.94,2,2,46.67,16.67,28.57,0.0,12,-4,16,1,0,"No","No","Yes","No",3,0
135,"2025-12-03","Brighton","Aston Villa",3,4,16,14,7,10,5,6,10,9,2,2,0,0,2.15,3.48,3.33,-1,7,43.75,71.43,42.86,40.0,11,-1,19,4,0,"No","Yes","No","No",0,3
136,"2025-12-03","Burnley","Crystal Palace",0,1,11,3,4,3,3,4,9,8,0,0,0,0,4.57,3.71,1.77,-1,1,36.36,100.0,0.0,33.33,7,-1,17,0,0,"No","No","No","Yes",0,3
137,"2025-12-03","Wolverhampton Wanderers","Nottingham Forest",0,1,5,10,1,3,3,9,19,11,2,2,0,0,3.28,3.3,2.24,-1,1,20.0,30.0,0.0,33.33,12,-6,30,4,0,"No","No","No","Yes",0,3
138,"2025-12-03","Leeds","Chelsea",3,1,17,14,5,2,4,2,10,13,1,1,0,0,4.31,3.87,1.78,2,4,29.41,14.29,60.0,50.0,6,2,23,2,0,"No","Yes","No","No",3,0
139,"2025-12-03","Liverpool","Sunderland",1,1,23,9,4,6,7,3,10,5,1,1,0,0,1.35,5.29,8.05,0,2,17.39,66.67,25.0,16.67,10,4,15,2,0,"No","No","No","No",1,1
140,"2025-12-04","Manchester United","West Ham",1,1,17,11,4,3,6,6,13,9,2,2,0,0,1.43,4.81,6.59,0,2,23.53,27.27,25.0,33.33,12,0,22,4,0,"No","No","No","No",1,1
141,"2025-12-06","Aston Villa","Arsenal",2,1,15,15,6,9,3,3,10,8,0,2,0,0,4.13,3.45,1.91,1,3,40.0,60.0,33.33,11.11,6,0,18,2,0,"No","Yes","No","No",3,0
142,"2025-12-06","Bournemouth","Chelsea",0,0,13,11,5,4,5,0,15,13,0,2,0,0,3.14,3.67,2.16,0,0,38.46,36.36,0.0,0.0,5,5,28,2,0,"No","No","Yes","Yes",1,1
143,"2025-12-06","Everton","Nottingham Forest",3,0,11,7,5,3,6,3,17,15,4,3,0,0,2.17,3.25,3.52,3,3,45.45,42.86,60.0,0.0,9,3,32,7,0,"No","Yes","Yes","No",3,0
144,"2025-12-06","Manchester City","Sunderland",3,0,18,8,6,1,6,5,9,10,1,0,0,1,1.24,6.22,11.38,3,3,33.33,12.5,50.0,0.0,11,1,19,1,1,"Yes","Yes","Yes","No",3,0
145,"2025-12-06","Newcastle","Burnley",2,1,17,9,7,3,9,9,9,11,2,2,0,1,1.28,5.72,10.39,1,3,41.18,33.33,28.57,33.33,18,0,20,4,1,"Yes","Yes","No","No",3,0
146,"2025-12-06","Tottenham","Brentford",2,0,15,4,7,1,7,6,8,9,3,4,0,0,2.31,3.44,3.03,2,2,46.67,25.0,28.57,0.0,13,1,17,7,0,"No","No","Yes","No",3,0
147,"2025-12-06","Leeds","Liverpool",3,3,12,16,5,7,5,4,14,14,3,3,0,0,3.95,3.9,1.84,0,6,41.67,43.75,60.0,42.86,9,1,28,6,0,"No","Yes","No","No",1,1
148,"2025-12-07","Brighton","West Ham",1,1,22,14,4,5,10,6,12,8,2,2,0,0,1.55,4.32,5.63,0,2,18.18,35.71,25.0,20.0,16,4,20,4,0,"No","No","No","No",1,1
149,"2025-12-07","Fulham","Crystal Palace",1,2,12,11,4,5,6,4,5,8,0,0,0,0,2.57,3.27,2.77,-1,3,33.33,45.45,25.0,40.0,10,2,13,0,0,"No","Yes","No","No",0,3
150,"2025-12-08","Wolverhampton Wanderers","Manchester United",1,4,8,27,2,10,1,9,17,12,3,2,0,0,4.22,3.9,1.77,-3,5,25.0,37.04,50.0,40.0,10,-8,29,5,0,"No","Yes","No","No",0,3
151,"2025-12-13","Chelsea","Everton",2,0,17,11,5,2,4,7,13,11,1,0,0,0,1.66,3.9,5.09,2,2,29.41,18.18,40.0,0.0,11,-3,24,1,0,"No","No","Yes","No",3,0
152,"2025-12-13","Liverpool","Brighton",2,0,18,14,4,1,2,2,8,15,1,2,0,0,1.67,4.17,4.62,2,2,22.22,7.14,50.0,0.0,4,0,23,3,0,"No","No","Yes","No",3,0
153,"2025-12-13","Burnley","Fulham",2,3,16,6,8,4,10,4,8,8,1,2,0,0,3.93,3.48,1.95,-1,5,50.0,66.67,25.0,75.0,14,6,16,3,0,"No","Yes","No","No",0,3
154,"2025-12-13","Arsenal","Wolverhampton Wanderers",2,1,16,3,2,2,8,0,7,15,0,4,0,0,1.12,8.62,22.31,1,3,12.5,66.67,100.0,50.0,8,8,22,4,0,"No","Yes","No","No",3,0
155,"2025-12-14","Crystal Palace","Manchester City",0,3,16,7,4,6,2,2,9,6,2,0,0,0,3.98,3.81,1.83,-3,3,25.0,85.71,0.0,50.0,4,0,15,2,0,"No","Yes","No","Yes",0,3
156,"2025-12-14","Nottingham Forest","Tottenham",3,0,15,6,6,1,3,3,9,13,1,3,0,0,2.55,3.28,2.76,3,3,40.0,16.67,50.0,0.0,6,0,22,4,0,"No","Yes","Yes","No",3,0
157,"2025-12-14","Sunderland","Newcastle",1,0,5,6,1,2,3,6,10,10,5,4,0,0,3.26,3.33,2.22,1,1,20.0,33.33,100.0,0.0,9,-3,20,9,0,"No","No","Yes","No",3,0
158,"2025-12-14","West Ham","Aston Villa",2,3,10,7,3,4,5,3,18,13,1,2,0,0,3.63,3.51,2.0,-1,5,30.0,57.14,66.67,75.0,8,2,31,3,0,"No","Yes","No","No",0,3
159,"2025-12-14","Brentford","Leeds",1,1,7,18,2,4,0,3,8,9,0,0,0,0,1.94,3.54,3.85,0,2,28.57,22.22,50.0,25.0,3,-3,17,0,0,"No","No","No","No",1,1
160,"2025-12-15","Manchester United","Bournemouth",4,4,25,14,9,9,5,4,15,12,2,3,0,0,1.82,3.98,3.84,0,8,36.0,64.29,44.44,44.44,9,1,27,5,0,"No","Yes","No","No",1,1
161,"2025-12-20","Newcastle","Chelsea",2,2,11,13,5,4,6,4,13,14,3,6,0,0,2.73,3.51,2.47,0,4,45.45,30.77,40.0,50.0,10,2,27,9,0,"No","Yes","No","No",1,1
162,"2025-12-20","Bournemouth","Burnley",1,1,16,4,1,1,5,3,11,11,1,1,0,0,1.47,4.44,6.59,0,2,6.25,25.0,100.0,100.0,8,2,22,2,0,"No","No","No","No",1,1
163,"2025-12-20","Brighton","Sunderland",0,0,16,14,4,6,3,4,11,15,2,2,0,0,1.65,3.95,5.16,0,0,25.0,42.86,0.0,0.0,7,-1,26,4,0,"No","No","Yes","Yes",1,1
164,"2025-12-20","Manchester City","West Ham",3,0,17,7,8,3,6,0,16,10,1,1,0,0,1.2,7.36,11.88,3,3,47.06,42.86,37.5,0.0,6,6,26,2,0,"No","Yes","Yes","No",3,0
165,"2025-12-20","Wolverhampton Wanderers","Brentford",0,2,9,7,2,6,3,4,12,15,2,4,0,0,3.59,3.48,2.05,-2,2,22.22,85.71,0.0,33.33,7,-1,27,6,0,"No","No","No","Yes",0,3
166,"2025-12-20","Tottenham","Liverpool",1,2,15,8,4,4,2,6,9,7,3,3,2,0,3.36,3.71,2.02,-1,3,26.67,50.0,25.0,50.0,8,-4,16,6,2,"Yes","Yes","No","No",0,3
167,"2025-12-20","Everton","Arsenal",0,1,5,13,1,2,2,3,4,5,2,2,0,0,6.03,3.89,1.57,-1,1,20.0,15.38,0.0,50.0,5,-1,9,4,0,"No","No","No","Yes",0,3
168,"2025-12-20","Leeds","Crystal Palace",4,1,20,9,8,3,9,5,5,10,1,3,0,0,2.6,3.25,2.76,3,5,40.0,33.33,50.0,33.33,14,4,15,4,0,"No","Yes","No","No",3,0
169,"2025-12-21","Aston Villa","Manchester United",2,1,12,15,4,6,5,5,11,14,1,2,0,0,2.1,3.64,3.26,1,3,33.33,40.0,50.0,16.67,10,0,25,3,0,"No","Yes","No","No",3,0
170,"2025-12-22","Fulham","Nottingham Forest",1,0,11,12,1,2,1,5,5,9,5,4,0,0,2.42,3.27,2.93,1,1,9.09,16.67,100.0,0.0,6,-4,14,9,0,"No","No","Yes","No",3,0
171,"2025-12-26","Manchester United","Newcastle",1,0,10,16,4,3,2,11,9,5,2,1,0,0,2.47,3.58,2.67,1,1,40.0,18.75,25.0,0.0,13,-9,14,3,0,"No","No","Yes","No",3,0
172,"2025-12-27","Nottingham Forest","Manchester City",1,2,7,16,2,5,5,5,5,13,1,2,0,0,5.21,4.24,1.59,-1,3,28.57,31.25,50.0,40.0,10,0,18,3,0,"No","Yes","No","No",0,3
173,"2025-12-27","Arsenal","Brighton",2,1,24,8,6,3,7,2,7,13,2,3,0,0,1.41,4.73,7.34,1,3,25.0,37.5,33.33,33.33,9,5,20,5,0,"No","Yes","No","No",3,0
174,"2025-12-27","Brentford","Bournemouth",4,1,15,20,7,10,2,15,9,8,2,2,0,0,2.25,3.57,2.98,3,5,46.67,50.0,57.14,10.0,17,-13,17,4,0,"No","Yes","No","No",3,0
175,"2025-12-27","Burnley","Everton",0,0,16,15,0,6,6,5,8,8,0,2,0,0,4.03,3.33,1.96,0,0,0.0,40.0,0.0,0.0,11,1,16,2,0,"No","No","Yes","Yes",1,1
176,"2025-12-27","Liverpool","Wolverhampton Wanderers",2,1,14,9,4,4,6,4,5,13,0,1,0,0,1.24,6.31,11.25,1,3,28.57,44.44,50.0,25.0,10,2,18,1,0,"No","Yes","No","No",3,0
177,"2025-12-27","West Ham","Fulham",0,1,11,15,2,4,5,4,8,8,1,3,0,0,2.65,3.38,2.59,-1,1,18.18,26.67,0.0,25.0,9,1,16,4,0,"No","No","No","Yes",0,3
178,"2025-12-27","Chelsea","Aston Villa",1,2,14,11,3,8,6,7,16,8,5,3,0,0,1.84,3.82,3.97,-1,3,21.43,72.73,33.33,25.0,13,-1,24,8,0,"No","Yes","No","No",0,3
179,"2025-12-28","Sunderland","Leeds",1,1,8,17,3,6,3,9,7,9,1,0,0,0,2.56,3.18,2.8,0,2,37.5,35.29,33.33,16.67,12,-6,16,1,0,"No","No","No","No",1,1
180,"2025-12-28","Crystal Palace","Tottenham",0,1,15,8,2,4,3,2,7,5,3,2,0,0,2.25,3.33,3.19,-1,1,13.33,50.0,0.0,25.0,5,1,12,5,0,"No","No","No","Yes",0,3
181,"2025-12-30","Burnley","Newcastle",1,3,15,20,4,9,3,4,9,3,2,1,0,0,5.5,4.11,1.59,-2,4,26.67,45.0,25.0,33.33,7,-1,12,3,0,"No","Yes","No","No",0,3
182,"2025-12-30","Chelsea","Bournemouth",2,2,17,17,3,6,12,3,5,12,1,1,0,0,1.51,4.56,5.81,0,4,17.65,35.29,66.67,33.33,15,9,17,2,0,"No","Yes","No","No",1,1
183,"2025-12-30","Nottingham Forest","Everton",0,2,21,11,6,3,9,2,11,9,1,0,0,0,2.12,3.21,3.7,-2,2,28.57,27.27,0.0,66.67,11,7,20,1,0,"No","No","No","Yes",0,3
184,"2025-12-30","West Ham","Brighton",2,2,10,16,4,6,5,5,11,18,3,5,0,0,3.41,3.67,2.04,0,4,40.0,37.5,50.0,33.33,10,0,29,8,0,"No","Yes","No","No",1,1
185,"2025-12-30","Arsenal","Aston Villa",4,1,22,11,7,3,3,3,18,9,2,3,0,0,1.43,4.68,7.02,3,5,31.82,27.27,57.14,33.33,6,0,27,5,0,"No","Yes","No","No",3,0
186,"2025-12-30","Manchester United","Wolverhampton Wanderers",1,1,15,11,6,4,8,4,9,12,0,2,0,0,1.37,5.06,8.09,0,2,40.0,36.36,16.67,25.0,12,4,21,2,0,"No","No","No","No",1,1
187,"2026-01-01","Crystal Palace","Fulham",1,1,11,17,2,5,6,3,7,10,0,5,0,0,2.17,3.34,3.4,0,2,18.18,29.41,50.0,20.0,9,3,17,5,0,"No","No","No","No",1,1
188,"2026-01-01","Liverpool","Leeds",0,0,19,4,4,2,8,3,10,8,0,2,0,0,1.53,4.41,5.83,0,0,21.05,50.0,0.0,0.0,11,5,18,2,0,"No","No","Yes","Yes",1,1
189,"2026-01-01","Brentford","Tottenham",0,0,7,9,2,3,3,1,8,10,1,2,0,0,2.11,3.49,3.35,0,0,28.57,33.33,0.0,0.0,4,2,18,3,0,"No","No","Yes","Yes",1,1
190,"2026-01-01","Sunderland","Manchester City",0,0,10,14,4,4,3,5,9,6,1,1,0,0,7.81,4.82,1.39,0,0,40.0,28.57,0.0,0.0,8,-2,15,2,0,"No","No","Yes","Yes",1,1
191,"2026-01-03","Aston Villa","Nottingham Forest",3,1,11,10,4,5,4,4,10,20,1,2,0,0,1.76,3.74,4.54,2,4,36.36,50.0,75.0,20.0,8,0,30,3,0,"No","Yes","No","No",3,0
192,"2026-01-03","Brighton","Burnley",2,0,15,5,4,3,4,4,7,17,0,4,0,0,1.49,4.35,6.56,2,2,26.67,60.0,50.0,0.0,8,0,24,4,0,"No","No","Yes","No",3,0
193,"2026-01-03","Wolverhampton Wanderers","West Ham",3,0,11,6,8,0,6,7,11,10,1,0,0,0,2.48,3.37,2.82,3,3,72.73,0.0,37.5,0.0,13,-1,21,1,0,"No","Yes","Yes","No",3,0
194,"2026-01-03","Bournemouth","Arsenal",2,3,15,12,3,5,7,5,13,8,3,1,0,0,6.13,4.57,1.48,-1,5,20.0,41.67,66.67,60.0,12,2,21,4,0,"No","Yes","No","No",0,3
195,"2026-01-04","Leeds","Manchester United",1,1,11,15,3,2,6,4,9,9,0,1,0,0,2.68,3.44,2.56,0,2,27.27,13.33,33.33,50.0,10,2,18,1,0,"No","No","No","No",1,1
196,"2026-01-04","Everton","Brentford",2,4,14,11,6,7,4,5,9,8,0,2,0,0,2.36,3.19,3.1,-2,6,42.86,63.64,33.33,57.14,9,-1,17,2,0,"No","Yes","No","No",0,3
197,"2026-01-04","Newcastle","Crystal Palace",2,0,12,11,7,1,8,6,5,12,1,3,0,0,1.67,3.92,4.89,2,2,58.33,9.09,28.57,0.0,14,2,17,4,0,"No","No","Yes","No",3,0
198,"2026-01-04","Tottenham","Sunderland",1,1,13,10,5,3,3,5,10,6,2,3,0,0,1.8,3.65,4.37,0,2,38.46,30.0,20.0,33.33,8,-2,16,5,0,"No","No","No","No",1,1
199,"2026-01-04","Fulham","Liverpool",2,2,8,10,2,2,3,8,11,4,1,1,0,0,3.74,3.68,1.92,0,4,25.0,20.0,100.0,100.0,11,-5,15,2,0,"No","Yes","No","No",1,1
200,"2026-01-04","Manchester City","Chelsea",1,1,14,8,3,3,8,2,12,14,3,3,0,0,1.63,4.39,4.66,0,2,21.43,37.5,33.33,33.33,10,6,26,6,0,"No","No","No","No",1,1
201,"2026-01-06","West Ham","Nottingham Forest",1,2,14,13,3,5,6,5,15,9,3,0,0,0,3.1,3.33,2.3,-1,3,21.43,38.46,33.33,40.0,11,1,24,3,0,"No","Yes","No","No",0,3
202,"2026-01-07","Bournemouth","Tottenham",3,2,11,16,3,4,3,7,19,10,3,3,0,0,2.11,3.62,3.27,1,5,27.27,25.0,100.0,50.0,10,-4,29,6,0,"No","Yes","No","No",3,0
203,"2026-01-07","Brentford","Sunderland",3,0,18,11,6,3,7,4,13,13,2,1,0,0,1.83,3.56,4.36,3,3,33.33,27.27,50.0,0.0,11,3,26,3,0,"No","Yes","Yes","No",3,0
204,"2026-01-07","Crystal Palace","Aston Villa",0,0,11,15,5,3,3,5,8,3,2,0,0,0,3.08,3.36,2.31,0,0,45.45,20.0,0.0,0.0,8,-2,11,2,0,"No","No","Yes","Yes",1,1
205,"2026-01-07","Everton","Wolverhampton Wanderers",1,1,13,13,2,4,2,7,13,15,1,3,2,0,1.76,3.55,4.85,0,2,15.38,30.77,50.0,25.0,9,-5,28,4,2,"Yes","No","No","No",1,1
206,"2026-01-07","Fulham","Chelsea",2,1,16,14,5,6,2,11,11,6,3,3,0,1,3.38,3.59,2.07,1,3,31.25,42.86,40.0,16.67,13,-9,17,6,1,"Yes","Yes","No","No",3,0
207,"2026-01-07","Manchester City","Brighton",1,1,22,6,6,3,6,2,6,16,1,6,0,0,1.37,5.23,7.27,0,2,27.27,50.0,16.67,33.33,8,4,22,7,0,"No","No","No","No",1,1
208,"2026-01-07","Burnley","Manchester United",2,2,7,30,1,10,2,6,9,8,2,0,0,0,4.68,3.95,1.7,0,4,14.29,33.33,200.0,20.0,8,-4,17,2,0,"No","Yes","No","No",1,1
209,"2026-01-07","Newcastle","Leeds",4,3,18,14,8,6,8,4,11,10,3,2,0,0,1.67,3.87,5.02,1,7,44.44,42.86,50.0,50.0,12,4,21,5,0,"No","Yes","No","No",3,0
210,"2026-01-08","Arsenal","Liverpool",0,0,9,8,4,0,3,0,10,9,2,2,0,0,1.6,4.11,5.25,0,0,44.44,0.0,0.0,0.0,3,3,19,4,0,"No","No","Yes","Yes",1,1
211,"2026-01-17","Manchester United","Manchester City",2,0,11,7,7,1,1,6,13,8,2,3,0,0,3.55,3.87,1.94,2,2,63.64,14.29,28.57,0.0,7,-5,21,5,0,"No","No","Yes","No",3,0
212,"2026-01-17","Chelsea","Brentford",2,0,6,15,2,5,3,9,7,10,3,2,0,0,1.69,3.97,4.75,2,2,33.33,33.33,100.0,0.0,12,-6,17,5,0,"No","No","Yes","No",3,0
213,"2026-01-17","Leeds","Fulham",1,0,14,8,5,1,7,3,6,11,1,5,0,0,2.17,3.33,3.41,1,1,35.71,12.5,20.0,0.0,10,4,17,6,0,"No","No","Yes","No",3,0
214,"2026-01-17","Liverpool","Burnley",1,1,32,7,11,1,9,1,8,10,1,2,0,0,1.22,6.4,12.44,0,2,34.38,14.29,9.09,100.0,10,8,18,3,0,"No","No","No","No",1,1
215,"2026-01-17","Sunderland","Crystal Palace",2,1,13,6,7,2,3,4,8,15,3,3,0,0,2.69,3.15,2.74,1,3,53.85,33.33,28.57,50.0,7,-1,23,6,0,"No","Yes","No","No",3,0
216,"2026-01-17","Tottenham","West Ham",1,2,21,17,6,4,11,5,12,17,5,3,0,0,1.71,3.91,4.63,-1,3,28.57,23.53,16.67,50.0,16,6,29,8,0,"No","Yes","No","No",0,3
217,"2026-01-17","Nottingham Forest","Arsenal",0,0,6,15,0,3,4,9,8,14,1,1,0,0,6.1,4.16,1.54,0,0,0.0,20.0,0.0,0.0,13,-5,22,2,0,"No","No","Yes","Yes",1,1
218,"2026-01-18","Wolverhampton Wanderers","Newcastle",0,0,6,12,2,2,4,7,14,8,2,2,0,0,4.6,3.98,1.7,0,0,33.33,16.67,0.0,0.0,11,-3,22,4,0,"No","No","Yes","Yes",1,1
219,"2026-01-18","Aston Villa","Everton",0,1,18,9,5,3,6,4,15,13,1,2,0,0,1.66,3.87,5.09,-1,1,27.78,33.33,0.0,33.33,10,2,28,3,0,"No","No","No","Yes",0,3
220,"2026-01-19","Brighton","Bournemouth",1,1,17,11,5,2,11,6,7,6,2,3,0,0,1.85,3.92,3.75,0,2,29.41,18.18,20.0,50.0,17,5,13,5,0,"No","No","No","No",1,1
221,"2026-01-24","West Ham","Sunderland",3,1,13,7,5,2,3,3,9,16,2,4,0,0,2.51,3.24,2.85,2,4,38.46,28.57,60.0,50.0,6,0,25,6,0,"No","Yes","No","No",3,0
222,"2026-01-24","Burnley","Tottenham",2,2,9,18,4,11,1,3,8,9,1,0,0,0,3.64,3.39,2.05,0,4,44.44,61.11,50.0,18.18,4,-2,17,1,0,"No","Yes","No","No",1,1
223,"2026-01-24","Fulham","Brighton",2,1,12,13,4,5,6,6,10,6,1,1,0,0,2.54,3.42,2.71,1,3,33.33,38.46,50.0,20.0,12,0,16,2,0,"No","Yes","No","No",3,0
224,"2026-01-24","Manchester City","Wolverhampton Wanderers",2,0,11,11,4,1,4,6,16,14,1,3,0,0,1.21,6.68,12.0,2,2,36.36,9.09,50.0,0.0,10,-2,30,4,0,"No","No","Yes","No",3,0
225,"2026-01-24","Bournemouth","Liverpool",3,2,12,14,5,4,3,11,7,7,1,1,0,0,3.73,3.87,1.89,1,5,41.67,28.57,60.0,50.0,14,-8,14,2,0,"No","Yes","No","No",3,0
226,"2026-01-25","Brentford","Nottingham Forest",0,2,10,7,1,2,6,5,11,10,1,0,0,0,1.9,3.49,4.02,-2,2,10.0,28.57,0.0,100.0,11,1,21,1,0,"No","No","No","Yes",0,3
227,"2026-01-25","Crystal Palace","Chelsea",1,3,13,10,7,6,4,5,11,10,2,2,1,0,3.5,3.66,2.0,-2,4,53.85,60.0,14.29,50.0,9,-1,21,4,1,"Yes","Yes","No","No",0,3
228,"2026-01-25","Newcastle","Aston Villa",0,2,15,14,4,8,6,5,7,12,1,2,0,0,1.98,3.66,3.54,-2,2,26.67,57.14,0.0,25.0,11,1,19,3,0,"No","No","No","Yes",0,3
229,"2026-01-25","Arsenal","Manchester United",2,3,15,10,4,3,9,2,11,9,2,0,0,0,1.55,4.08,5.89,-1,5,26.67,30.0,50.0,100.0,11,7,20,2,0,"No","Yes","No","No",0,3
230,"2026-01-26","Everton","Leeds",1,1,10,14,3,4,4,4,9,13,0,3,0,0,2.48,3.15,2.92,0,2,30.0,28.57,33.33,25.0,8,0,22,3,0,"No","No","No","No",1,1
231,"2026-01-31","Brighton","Everton",1,1,11,7,2,4,5,2,13,14,1,2,0,0,1.86,3.6,4.13,0,2,18.18,57.14,50.0,25.0,7,3,27,3,0,"No","No","No","No",1,1
232,"2026-01-31","Leeds","Arsenal",0,4,3,14,1,8,4,12,10,7,1,1,0,0,6.16,4.1,1.54,-4,4,33.33,57.14,0.0,50.0,16,-8,17,2,0,"No","Yes","No","Yes",0,3
233,"2026-01-31","Wolverhampton Wanderers","Bournemouth",0,2,17,9,7,4,5,6,11,15,3,3,0,0,2.95,3.5,2.31,-2,2,41.18,44.44,0.0,50.0,11,-1,26,6,0,"No","No","No","Yes",0,3
234,"2026-01-31","Chelsea","West Ham",3,2,14,11,6,6,9,3,11,13,3,2,0,1,1.49,4.53,6.05,1,5,42.86,54.55,50.0,33.33,12,6,24,5,1,"Yes","Yes","No","No",3,0
235,"2026-01-31","Liverpool","Newcastle",4,1,17,8,7,2,7,11,11,7,1,3,0,0,1.77,3.99,4.12,3,5,41.18,25.0,57.14,50.0,18,-4,18,4,0,"No","Yes","No","No",3,0
236,"2026-02-01","Aston Villa","Brentford",0,1,27,6,5,2,12,1,8,8,0,3,0,0,2.08,3.47,3.46,-1,1,18.52,33.33,0.0,50.0,13,11,16,3,0,"No","No","No","Yes",0,3
237,"2026-02-01","Manchester United","Fulham",3,2,13,14,6,6,3,7,6,9,2,1,0,0,1.58,4.32,5.2,1,5,46.15,42.86,50.0,33.33,10,-4,15,3,0,"No","Yes","No","No",3,0
238,"2026-02-01","Nottingham Forest","Crystal Palace",1,1,9,14,1,3,5,7,4,12,1,3,0,0,1.95,3.48,3.88,0,2,11.11,21.43,100.0,33.33,12,-2,16,4,0,"No","No","No","No",1,1
239,"2026-02-01","Tottenham","Manchester City",2,2,12,15,6,3,3,4,15,12,3,3,0,0,4.41,4.06,1.71,0,4,50.0,20.0,33.33,66.67,7,-1,27,6,0,"No","Yes","No","No",1,1
240,"2026-02-02","Sunderland","Burnley",3,0,14,5,5,0,1,2,12,10,1,4,0,0,1.8,3.42,4.73,3,3,35.71,0.0,60.0,0.0,3,-1,22,5,0,"No","Yes","Yes","No",3,0
241,"2026-02-06","Leeds","Nottingham Forest",3,1,14,16,5,6,5,10,9,12,1,1,0,0,2.21,3.26,3.37,2,4,35.71,37.5,60.0,16.67,15,-5,21,2,0,"No","Yes","No","No",3,0
242,"2026-02-07","Manchester United","Tottenham",2,0,23,7,10,1,7,0,12,11,1,2,0,1,1.57,4.54,4.97,2,2,43.48,14.29,20.0,0.0,7,7,23,3,1,"Yes","No","Yes","No",3,0
243,"2026-02-07","Arsenal","Sunderland",3,0,16,5,5,3,5,2,11,8,1,2,0,0,1.21,6.23,14.08,3,3,31.25,60.0,60.0,0.0,7,3,19,3,0,"No","Yes","Yes","No",3,0
244,"2026-02-07","Bournemouth","Aston Villa",1,1,20,7,9,4,11,4,4,11,1,1,0,0,2.68,3.6,2.46,0,2,45.0,57.14,11.11,25.0,15,7,15,2,0,"No","No","No","No",1,1
245,"2026-02-07","Burnley","West Ham",0,2,18,6,5,4,5,2,11,10,3,1,0,0,3.28,3.5,2.14,-2,2,27.78,66.67,0.0,50.0,7,3,21,4,0,"No","No","No","Yes",0,3
246,"2026-02-07","Fulham","Everton",1,2,13,16,3,3,6,6,11,12,1,5,0,0,2.1,3.27,3.64,-1,3,23.08,18.75,33.33,66.67,12,0,23,6,0,"No","Yes","No","No",0,3
247,"2026-02-07","Wolverhampton Wanderers","Chelsea",1,3,11,15,3,6,3,4,9,10,1,1,0,0,4.9,4.05,1.65,-2,4,27.27,40.0,33.33,50.0,7,-1,19,2,0,"No","Yes","No","No",0,3
248,"2026-02-07","Newcastle","Brentford",2,3,16,11,4,5,9,3,14,18,2,2,0,0,2.05,3.53,3.51,-1,5,25.0,45.45,50.0,60.0,12,6,32,4,0,"No","Yes","No","No",0,3
249,"2026-02-08","Brighton","Crystal Palace",0,1,7,7,2,4,3,4,12,9,1,3,0,0,1.96,3.57,3.68,-1,1,28.57,57.14,0.0,25.0,7,-1,21,4,0,"No","No","No","Yes",0,3
250,"2026-02-08","Liverpool","Manchester City",1,2,15,17,4,7,5,4,13,16,2,4,1,0,2.34,3.68,2.76,-1,3,26.67,41.18,25.0,28.57,9,1,29,6,1,"Yes","Yes","No","No",0,3
251,"2026-02-10","Chelsea","Leeds",2,2,19,4,4,2,4,1,9,13,4,4,0,0,1.55,4.28,5.66,0,4,21.05,50.0,50.0,100.0,5,3,22,8,0,"No","Yes","No","No",1,1
252,"2026-02-10","Everton","Bournemouth",1,2,16,11,6,4,7,2,14,15,1,3,1,0,2.41,3.35,2.91,-1,3,37.5,36.36,16.67,50.0,9,5,29,4,1,"Yes","Yes","No","No",0,3
253,"2026-02-10","Tottenham","Newcastle",1,2,16,21,2,5,2,12,15,11,3,2,0,0,3.18,3.48,2.2,-1,3,12.5,23.81,50.0,40.0,14,-10,26,5,0,"No","Yes","No","No",0,3
254,"2026-02-10","West Ham","Manchester United",1,1,7,9,3,3,5,3,10,4,1,1,0,0,4.36,4.23,1.7,0,2,42.86,33.33,33.33,33.33,8,2,14,2,0,"No","No","No","No",1,1
255,"2026-02-11","Aston Villa","Brighton",1,0,15,9,1,3,7,5,9,15,2,3,0,0,1.92,3.67,3.79,1,1,6.67,33.33,100.0,0.0,12,2,24,5,0,"No","No","Yes","No",3,0
256,"2026-02-11","Crystal Palace","Burnley",2,3,21,8,3,3,8,2,11,8,2,1,0,0,1.55,3.98,6.18,-1,5,14.29,37.5,66.67,100.0,10,6,19,3,0,"No","Yes","No","No",0,3
257,"2026-02-11","Manchester City","Fulham",3,0,13,14,5,3,4,4,8,10,3,1,0,0,1.34,5.33,8.08,3,3,38.46,21.43,60.0,0.0,8,0,18,4,0,"No","Yes","Yes","No",3,0
258,"2026-02-11","Nottingham Forest","Wolverhampton Wanderers",0,0,35,7,10,3,8,2,12,13,0,2,0,0,1.69,3.72,5.09,0,0,28.57,42.86,0.0,0.0,10,6,25,2,0,"No","No","Yes","Yes",1,1
259,"2026-02-11","Sunderland","Liverpool",0,1,11,23,2,3,3,11,8,10,1,0,0,0,4.65,3.83,1.72,-1,1,18.18,13.04,0.0,33.33,14,-8,18,1,0,"No","No","No","Yes",0,3
260,"2026-02-12","Brentford","Arsenal",1,1,12,7,3,2,6,4,12,11,3,2,0,0,4.83,3.86,1.69,0,2,25.0,28.57,33.33,50.0,10,2,23,5,0,"No","No","No","No",1,1
261,"2026-02-18","Wolverhampton Wanderers","Arsenal",2,2,5,10,2,4,1,3,6,8,2,1,0,0,10.94,5.48,1.28,0,4,40.0,40.0,100.0,50.0,4,-2,14,3,0,"No","Yes","No","No",1,1
262,"2026-02-21","Aston Villa","Leeds",1,1,16,14,4,4,7,2,11,16,1,4,0,0,1.84,3.62,4.24,0,2,25.0,28.57,25.0,25.0,9,5,27,5,0,"No","No","No","No",1,1
263,"2026-02-21","Brentford","Brighton",0,2,13,11,3,7,6,4,9,14,1,2,0,0,2.01,3.7,3.45,-2,2,23.08,63.64,0.0,28.57,10,2,23,3,0,"No","No","No","Yes",0,3
264,"2026-02-21","Chelsea","Burnley",1,1,12,12,2,4,9,5,13,11,2,2,1,0,1.2,6.7,12.88,0,2,16.67,33.33,50.0,25.0,14,4,24,4,1,"Yes","No","No","No",1,1
265,"2026-02-21","West Ham","Bournemouth",0,0,20,10,3,5,9,5,10,11,1,1,0,0,2.41,3.65,2.71,0,0,15.0,50.0,0.0,0.0,14,4,21,2,0,"No","No","Yes","Yes",1,1
266,"2026-02-21","Manchester City","Newcastle",2,1,15,13,7,7,5,5,12,13,2,5,0,0,1.46,4.92,5.82,1,3,46.67,53.85,28.57,14.29,10,0,25,7,0,"No","Yes","No","No",3,0
267,"2026-02-22","Crystal Palace","Wolverhampton Wanderers",1,0,14,12,3,7,7,3,19,13,5,1,0,1,1.62,3.99,5.26,1,1,21.43,58.33,33.33,0.0,10,4,32,6,1,"Yes","No","Yes","No",3,0
268,"2026-02-22","Nottingham Forest","Liverpool",0,1,18,10,2,4,7,2,13,9,2,0,0,0,4.08,3.88,1.8,-1,1,11.11,40.0,0.0,25.0,9,5,22,2,0,"No","No","No","Yes",0,3
269,"2026-02-22","Sunderland","Fulham",1,3,12,12,2,4,6,4,6,13,1,1,0,0,2.65,3.27,2.67,-2,4,16.67,33.33,50.0,75.0,10,2,19,2,0,"No","Yes","No","No",0,3
270,"2026-02-22","Tottenham","Arsenal",1,4,6,20,5,7,2,5,17,11,2,1,0,0,5.83,3.98,1.56,-3,5,83.33,35.0,20.0,57.14,7,-3,28,3,0,"No","Yes","No","No",0,3
271,"2026-02-23","Everton","Manchester United",0,1,12,11,4,3,10,1,12,7,2,3,0,0,3.57,3.73,1.94,-1,1,33.33,27.27,0.0,33.33,11,9,19,5,0,"No","No","No","Yes",0,3
272,"2026-02-27","Wolverhampton Wanderers","Aston Villa",2,0,9,14,2,5,0,5,13,19,3,3,0,0,4.17,3.64,1.84,2,2,22.22,35.71,100.0,0.0,5,-5,32,6,0,"No","No","Yes","No",3,0
273,"2026-02-28","Bournemouth","Sunderland",1,1,21,8,5,4,7,3,15,12,4,2,0,0,1.77,3.8,4.34,0,2,23.81,50.0,20.0,25.0,10,4,27,6,0,"No","No","No","No",1,1
274,"2026-02-28","Burnley","Brentford",3,4,12,16,3,7,4,8,9,9,2,2,0,0,4.58,3.81,1.73,-1,7,25.0,43.75,100.0,57.14,12,-4,18,4,0,"No","Yes","No","No",0,3
275,"2026-02-28","Liverpool","West Ham",5,2,18,11,7,4,10,5,12,11,2,2,0,0,1.41,5.02,6.68,3,7,38.89,36.36,71.43,50.0,15,5,23,4,0,"No","Yes","No","No",3,0
276,"2026-02-28","Newcastle","Everton",2,3,17,9,7,5,7,2,15,7,2,3,0,0,1.69,3.92,4.67,-1,5,41.18,55.56,28.57,60.0,9,5,22,5,0,"No","Yes","No","No",0,3
277,"2026-02-28","Leeds","Manchester City",0,1,14,14,2,5,5,3,10,8,0,3,0,0,5.0,4.25,1.6,-1,1,14.29,35.71,0.0,20.0,8,2,18,3,0,"No","No","No","Yes",0,3
278,"2026-03-01","Brighton","Nottingham Forest",2,1,14,13,7,4,4,4,12,13,3,1,0,0,2.05,3.54,3.42,1,3,50.0,30.77,28.57,25.0,8,0,25,4,0,"No","Yes","No","No",3,0
279,"2026-03-01","Fulham","Tottenham",2,1,18,13,4,1,5,8,11,14,3,3,0,0,2.08,3.57,3.3,1,3,22.22,7.69,50.0,100.0,13,-3,25,6,0,"No","Yes","No","No",3,0
280,"2026-03-01","Manchester United","Crystal Palace",2,1,20,8,11,3,7,1,13,12,2,2,0,1,1.53,4.31,5.61,1,3,55.0,37.5,18.18,33.33,8,6,25,4,1,"Yes","Yes","No","No",3,0
281,"2026-03-01","Arsenal","Chelsea",2,1,12,9,5,3,5,10,11,14,1,3,0,1,1.6,3.98,5.28,1,3,41.67,33.33,40.0,33.33,15,-5,25,4,1,"Yes","Yes","No","No",3,0
282,"2026-03-03","Bournemouth","Brentford",0,0,13,5,2,2,4,3,9,10,2,1,0,0,2.48,3.59,2.65,0,0,15.38,40.0,0.0,0.0,7,1,19,3,0,"No","No","Yes","Yes",1,1
283,"2026-03-03","Everton","Burnley",2,0,14,5,5,2,6,3,10,12,0,1,0,0,1.56,3.96,6.06,2,2,35.71,40.0,40.0,0.0,9,3,22,1,0,"No","No","Yes","No",3,0
284,"2026-03-03","Leeds","Sunderland",0,1,18,3,4,1,9,2,15,19,1,3,0,0,1.86,3.43,4.31,-1,1,22.22,33.33,0.0,100.0,11,7,34,4,0,"No","No","No","Yes",0,3
285,"2026-03-03","Wolverhampton Wanderers","Liverpool",2,1,4,19,3,7,2,11,10,13,2,1,0,0,6.08,4.61,1.48,1,3,75.0,36.84,66.67,14.29,13,-9,23,3,0,"No","Yes","No","No",3,0
286,"2026-03-04","Aston Villa","Chelsea",1,4,9,15,4,8,3,8,10,9,3,2,0,0,2.67,3.57,2.46,-3,5,44.44,53.33,25.0,50.0,11,-5,19,5,0,"No","Yes","No","No",0,3
287,"2026-03-04","Brighton","Arsenal",0,1,11,7,3,2,4,3,14,12,4,1,0,0,5.03,3.92,1.64,-1,1,27.27,28.57,0.0,50.0,7,1,26,5,0,"No","No","No","Yes",0,3
288,"2026-03-04","Fulham","West Ham",0,1,13,9,5,3,7,5,14,12,2,4,0,0,2.03,3.56,3.52,-1,1,38.46,33.33,0.0,33.33,12,2,26,6,0,"No","No","No","Yes",0,3
289,"2026-03-04","Manchester City","Nottingham Forest",2,2,21,9,7,4,6,1,10,6,0,4,0,0,1.37,4.95,7.65,0,4,33.33,44.44,28.57,50.0,7,5,16,4,0,"No","Yes","No","No",1,1
290,"2026-03-04","Newcastle","Manchester United",2,1,12,14,5,5,2,4,15,16,2,3,1,0,2.56,3.66,2.53,1,3,41.67,35.71,40.0,20.0,6,-2,31,5,1,"Yes","Yes","No","No",3,0
291,"2026-03-05","Tottenham","Crystal Palace",1,3,12,9,4,4,6,3,14,14,3,2,0,0,2.34,3.32,2.97,-2,4,33.33,44.44,25.0,75.0,9,3,28,5,0,"No","Yes","No","No",0,3
292,"2026-03-14","Burnley","Bournemouth",0,0,15,22,2,3,5,8,11,5,1,0,0,0,4.02,3.83,1.82,0,0,13.33,13.64,0.0,0.0,13,-3,16,1,0,"No","No","Yes","Yes",1,1
293,"2026-03-14","Sunderland","Brighton",0,1,14,12,4,4,7,3,7,12,1,2,0,0,3.26,3.27,2.23,-1,1,28.57,33.33,0.0,25.0,10,4,19,3,0,"No","No","No","Yes",0,3
294,"2026-03-14","Arsenal","Everton",2,0,25,9,7,3,8,3,11,12,0,0,0,0,1.37,4.56,8.83,2,2,28.0,33.33,28.57,0.0,11,5,23,0,0,"No","No","Yes","No",3,0
295,"2026-03-14","Chelsea","Newcastle",0,1,22,7,3,5,8,1,9,10,2,2,0,0,1.79,4.12,3.86,-1,1,13.64,71.43,0.0,20.0,9,7,19,4,0,"No","No","No","Yes",0,3
296,"2026-03-14","West Ham","Manchester City",1,1,1,24,1,6,1,15,14,5,2,2,0,0,4.43,4.15,1.69,0,2,100.0,25.0,100.0,16.67,16,-14,19,4,0,"No","No","No","No",1,1
297,"2026-03-15","Crystal Palace","Leeds",0,0,12,10,0,3,8,3,12,11,2,1,0,1,2.49,3.24,2.85,0,0,0.0,30.0,0.0,0.0,11,5,23,3,1,"Yes","No","Yes","Yes",1,1
298,"2026-03-15","Manchester United","Aston Villa",3,1,16,9,6,2,6,6,10,5,3,2,0,0,1.71,4.02,4.38,2,4,37.5,22.22,50.0,50.0,12,0,15,5,0,"No","Yes","No","No",3,0
299,"2026-03-15","Nottingham Forest","Fulham",0,0,11,5,2,0,5,4,8,10,2,3,0,0,2.19,3.4,3.24,0,0,18.18,0.0,0.0,0.0,9,1,18,5,0,"No","No","Yes","Yes",1,1
300,"2026-03-15","Liverpool","Tottenham",1,1,17,13,4,7,3,4,8,13,0,0,0,0,1.29,5.79,8.72,0,2,23.53,53.85,25.0,14.29,7,-1,21,0,0,"No","No","No","No",1,1
301,"2026-03-16","Brentford","Wolverhampton Wanderers",2,2,10,13,3,4,1,5,12,10,2,4,0,0,1.54,4.15,5.68,0,4,30.0,30.77,66.67,50.0,6,-4,22,6,0,"No","Yes","No","No",1,1
302,"2026-03-20","Bournemouth","Manchester United",2,2,16,14,5,5,6,8,10,9,2,2,0,1,3.22,3.76,2.07,0,4,31.25,35.71,40.0,40.0,14,-2,19,4,1,"Yes","Yes","No","No",1,1
303,"2026-03-21","Brighton","Liverpool",2,1,16,12,7,5,4,8,11,11,5,5,0,0,3.02,3.55,2.22,1,3,43.75,41.67,28.57,20.0,12,-4,22,10,0,"No","Yes","No","No",3,0
304,"2026-03-21","Fulham","Burnley",3,1,22,9,6,5,6,6,6,9,2,2,0,1,1.53,4.09,6.22,2,4,27.27,55.56,50.0,20.0,12,0,15,4,1,"Yes","Yes","No","No",3,0
305,"2026-03-21","Everton","Chelsea",3,0,10,12,9,4,3,9,6,7,0,2,0,0,3.38,3.5,2.08,3,3,90.0,33.33,33.33,0.0,12,-6,13,2,0,"No","Yes","Yes","No",3,0
306,"2026-03-21","Leeds","Brentford",0,0,14,6,4,2,6,2,6,9,2,0,0,0,2.46,3.42,2.77,0,0,28.57,33.33,0.0,0.0,8,4,15,2,0,"No","No","Yes","Yes",1,1
307,"2026-03-22","Newcastle","Sunderland",1,2,16,17,4,7,9,5,8,19,1,6,0,0,1.65,3.89,5.04,-1,3,25.0,41.18,25.0,28.57,14,4,27,7,0,"No","Yes","No","No",0,3
308,"2026-03-22","Aston Villa","West Ham",2,0,23,9,7,1,6,6,3,7,0,1,0,0,1.95,3.56,3.7,2,2,30.43,11.11,28.57,0.0,12,0,10,1,0,"No","No","Yes","No",3,0
309,"2026-03-22","Tottenham","Nottingham Forest",0,3,14,8,3,7,13,3,13,13,1,2,0,0,2.24,3.39,3.11,-3,3,21.43,87.5,0.0,42.86,16,10,26,3,0,"No","Yes","No","Yes",0,3
310,"2026-04-10","West Ham","Wolverhampton Wanderers",4,0,18,14,7,3,5,2,11,7,2,2,0,0,1.78,3.74,4.34,4,4,38.89,21.43,57.14,0.0,7,3,18,4,0,"No","Yes","Yes","No",3,0
311,"2026-04-11","Arsenal","Bournemouth",1,2,15,8,3,3,10,1,12,18,1,3,0,0,1.43,4.55,7.06,-1,3,20.0,37.5,33.33,66.67,11,9,30,4,0,"No","Yes","No","No",0,3
312,"2026-04-11","Brentford","Everton",2,2,17,14,4,7,2,3,6,7,0,2,0,0,2.13,3.31,3.45,0,4,23.53,50.0,50.0,28.57,5,-1,13,2,0,"No","Yes","No","No",1,1
313,"2026-04-11","Burnley","Brighton",0,2,10,13,5,6,8,2,7,11,2,1,0,0,4.48,3.93,1.72,-2,2,50.0,46.15,0.0,33.33,10,6,18,3,0,"No","No","No","Yes",0,3
314,"2026-04-11","Liverpool","Fulham",2,0,18,19,5,4,6,9,10,4,0,0,0,0,1.62,4.18,4.83,2,2,27.78,21.05,40.0,0.0,15,-3,14,0,0,"No","No","Yes","No",3,0
315,"2026-04-12","Crystal Palace","Newcastle",2,1,11,7,5,3,2,4,17,12,0,3,0,0,3.07,3.5,2.22,1,3,45.45,42.86,40.0,33.33,6,-2,29,3,0,"No","Yes","No","No",3,0
316,"2026-04-12","Nottingham Forest","Aston Villa",1,1,15,12,4,5,7,3,15,10,2,2,0,0,2.61,3.33,2.65,0,2,26.67,41.67,25.0,20.0,10,4,25,4,0,"No","No","No","No",1,1
317,"2026-04-12","Sunderland","Tottenham",1,0,13,11,2,7,2,6,14,15,3,3,0,0,2.62,3.34,2.63,1,1,15.38,63.64,50.0,0.0,8,-4,29,6,0,"No","No","Yes","No",3,0
318,"2026-04-12","Chelsea","Manchester City",0,3,12,18,3,8,4,12,10,14,3,1,0,0,3.08,3.8,2.1,-3,3,25.0,44.44,0.0,37.5,16,-8,24,4,0,"No","Yes","No","Yes",0,3
319,"2026-04-13","Manchester United","Leeds",1,2,20,15,9,6,11,4,12,15,3,2,1,0,1.59,4.07,5.3,-1,3,45.0,40.0,11.11,33.33,15,7,27,5,1,"Yes","Yes","No","No",0,3
320,"2026-04-18","Brentford","Fulham",0,0,13,11,4,0,9,3,8,13,0,1,0,0,2.09,3.63,3.26,0,0,30.77,0.0,0.0,0.0,12,6,21,1,0,"No","No","Yes","Yes",1,1
321,"2026-04-18","Leeds","Wolverhampton Wanderers",3,0,17,7,6,2,5,6,9,17,2,1,0,0,1.6,3.93,5.5,3,3,35.29,28.57,50.0,0.0,11,-1,26,3,0,"No","Yes","Yes","No",3,0
322,"2026-04-18","Newcastle","Bournemouth",1,2,12,12,3,3,2,3,11,12,2,4,0,0,1.96,3.81,3.48,-1,3,25.0,25.0,33.33,66.67,5,-1,23,6,0,"No","Yes","No","No",0,3
323,"2026-04-18","Tottenham","Brighton",2,2,13,10,6,3,7,5,14,14,3,1,0,0,2.68,3.65,2.41,0,4,46.15,30.0,33.33,66.67,12,2,28,4,0,"No","Yes","No","No",1,1
324,"2026-04-18","Chelsea","Manchester United",0,1,21,4,3,1,7,1,12,13,1,3,0,0,2.21,3.54,3.07,-1,1,14.29,25.0,0.0,100.0,8,6,25,4,0,"No","No","No","Yes",0,3
325,"2026-04-19","Aston Villa","Sunderland",4,3,15,10,7,7,4,5,11,11,1,3,0,0,1.65,3.78,5.25,1,7,46.67,70.0,57.14,42.86,9,-1,22,4,0,"No","Yes","No","No",3,0
326,"2026-04-19","Everton","Liverpool",1,2,10,14,4,6,1,6,8,12,2,0,0,0,3.11,3.36,2.25,-1,3,40.0,42.86,25.0,33.33,7,-5,20,2,0,"No","Yes","No","No",0,3
327,"2026-04-19","Nottingham Forest","Burnley",4,1,10,4,4,3,4,4,8,12,0,2,0,0,1.49,4.25,6.32,3,5,40.0,75.0,100.0,33.33,8,0,20,2,0,"No","Yes","No","No",3,0
328,"2026-04-19","Manchester City","Arsenal",2,1,15,9,5,3,8,5,5,12,2,2,0,0,1.82,3.6,4.25,1,3,33.33,33.33,40.0,33.33,13,3,17,4,0,"No","Yes","No","No",3,0
329,"2026-04-20","Crystal Palace","West Ham",0,0,9,9,1,4,4,6,13,12,2,1,0,0,2.31,3.21,3.11,0,0,11.11,44.44,0.0,0.0,10,-2,25,3,0,"No","No","Yes","Yes",1,1
331,"2026-04-22","Bournemouth","Leeds",2,2,17,10,7,3,12,1,6,10,3,0,0,0,2.02,3.51,3.57,0,4,41.18,30.0,28.57,66.67,13,11,16,3,0,"No","Yes","No","No",1,1
332,"2026-04-22","Burnley","Manchester City",0,1,9,28,1,9,3,11,10,12,0,0,0,0,16.53,8.3,1.14,-1,1,11.11,32.14,0.0,11.11,14,-8,22,0,0,"No","No","No","Yes",0,3
333,"2026-04-24","Sunderland","Nottingham Forest",0,5,14,10,4,6,3,6,13,15,2,5,0,0,2.67,3.18,2.66,-5,5,28.57,60.0,0.0,83.33,9,-3,28,7,0,"No","Yes","No","Yes",0,3
334,"2026-04-25","Fulham","Aston Villa",1,0,13,10,6,1,2,5,14,12,2,2,0,0,2.67,3.5,2.47,1,1,46.15,10.0,16.67,0.0,7,-3,26,4,0,"No","No","Yes","No",3,0
335,"2026-04-25","Liverpool","Crystal Palace",3,1,9,14,3,7,5,8,10,10,1,3,0,0,1.44,4.76,6.31,2,4,33.33,50.0,100.0,14.29,13,-3,20,4,0,"No","Yes","No","No",3,0
336,"2026-04-25","West Ham","Everton",2,1,10,11,3,3,3,4,9,11,3,4,0,0,2.38,3.34,2.9,1,3,30.0,27.27,66.67,33.33,7,-1,20,7,0,"No","Yes","No","No",3,0
337,"2026-04-25","Wolverhampton Wanderers","Tottenham",0,1,11,11,2,2,5,5,8,14,3,4,0,0,4.48,3.99,1.7,-1,1,18.18,18.18,0.0,50.0,10,0,22,7,0,"No","No","No","Yes",0,3
338,"2026-04-25","Arsenal","Newcastle",1,0,11,13,4,3,7,2,13,10,2,2,0,0,1.45,4.66,6.22,1,1,36.36,23.08,25.0,0.0,9,5,23,4,0,"No","No","Yes","No",3,0
339,"2026-04-27","Manchester United","Brentford",2,1,11,12,6,4,7,8,6,9,2,4,0,0,1.84,3.82,3.84,1,3,54.55,33.33,33.33,25.0,15,-1,15,6,0,"No","Yes","No","No",3,0
340,"2026-05-01","Leeds","Burnley",3,1,18,9,8,3,5,0,12,11,4,3,0,0,1.34,5.09,8.57,2,4,44.44,33.33,37.5,33.33,5,5,23,7,0,"No","Yes","No","No",3,0
341,"2026-05-02","Brentford","West Ham",3,0,14,13,6,4,2,6,8,12,1,3,0,0,1.91,3.77,3.62,3,3,42.86,30.77,50.0,0.0,8,-4,20,4,0,"No","Yes","Yes","No",3,0
342,"2026-05-02","Newcastle","Brighton",3,1,13,13,6,4,2,10,10,12,3,3,0,0,2.5,3.6,2.6,2,4,46.15,30.77,50.0,25.0,12,-8,22,6,0,"No","Yes","No","No",3,0
343,"2026-05-02","Wolverhampton Wanderers","Sunderland",1,1,20,10,7,2,6,3,11,11,0,4,0,1,3.24,3.35,2.18,0,2,35.0,20.0,14.29,50.0,9,3,22,4,1,"Yes","No","No","No",1,1
344,"2026-05-02","Arsenal","Fulham",3,0,18,10,9,1,3,4,7,12,0,1,0,0,1.44,4.39,7.0,3,3,50.0,10.0,33.33,0.0,7,-1,19,1,0,"No","Yes","Yes","No",3,0
345,"2026-05-03","Bournemouth","Crystal Palace",3,0,16,7,5,1,7,1,10,11,0,2,0,0,1.58,4.16,5.2,3,3,31.25,14.29,60.0,0.0,8,6,21,2,0,"No","Yes","Yes","No",3,0
346,"2026-05-03","Manchester United","Liverpool",3,2,18,13,6,5,3,2,12,11,2,2,0,0,2.29,3.73,2.76,1,5,33.33,38.46,50.0,40.0,5,1,23,4,0,"No","Yes","No","No",3,0
347,"2026-05-03","Aston Villa","Tottenham",1,2,5,10,1,5,5,5,12,12,2,5,0,0,2.1,3.59,3.21,-1,3,20.0,50.0,100.0,40.0,10,0,24,7,0,"No","Yes","No","No",0,3
348,"2026-05-04","Chelsea","Nottingham Forest",1,3,21,6,5,4,10,1,12,10,3,1,0,0,1.68,3.93,4.65,-2,4,23.81,66.67,20.0,75.0,11,9,22,4,0,"No","Yes","No","No",0,3
349,"2026-05-04","Everton","Manchester City",3,3,14,21,6,4,5,9,15,5,4,1,0,0,6.38,4.63,1.44,0,6,42.86,19.05,50.0,75.0,14,-4,20,5,0,"No","Yes","No","No",1,1
350,"2026-05-09","Liverpool","Chelsea",1,1,8,6,3,3,5,2,17,17,2,4,0,0,1.82,3.95,3.81,0,2,37.5,50.0,33.33,33.33,7,3,34,6,0,"No","No","No","No",1,1
351,"2026-05-09","Brighton","Wolverhampton Wanderers",3,0,14,5,6,1,7,1,9,11,1,2,0,0,1.27,5.88,9.98,3,3,42.86,20.0,50.0,0.0,8,6,20,3,0,"No","Yes","Yes","No",3,0
352,"2026-05-09","Fulham","Bournemouth",0,1,14,10,2,5,11,2,12,21,4,2,1,1,2.68,3.66,2.39,-1,1,14.29,50.0,0.0,20.0,13,9,33,6,2,"Yes","No","No","Yes",0,3
353,"2026-05-09","Sunderland","Manchester United",0,0,15,11,4,1,7,8,12,12,0,3,0,0,3.93,3.7,1.86,0,0,26.67,9.09,0.0,0.0,15,-1,24,3,0,"No","No","Yes","Yes",1,1
354,"2026-05-09","Manchester City","Brentford",3,0,25,4,10,2,10,2,8,14,4,2,0,0,1.35,5.51,7.23,3,3,40.0,50.0,30.0,0.0,12,8,22,6,0,"No","Yes","Yes","No",3,0
355,"2026-05-10","Burnley","Aston Villa",2,2,15,18,6,7,2,8,18,8,1,1,0,0,5.34,4.09,1.58,0,4,40.0,38.89,33.33,28.57,10,-6,26,2,0,"No","Yes","No","No",1,1
356,"2026-05-10","Crystal Palace","Everton",2,2,21,13,8,6,5,10,5,13,0,2,0,0,2.71,3.26,2.56,0,4,38.1,46.15,25.0,33.33,15,-5,18,2,0,"No","Yes","No","No",1,1
357,"2026-05-10","Nottingham Forest","Newcastle",1,1,17,16,6,6,2,1,16,11,2,0,0,0,2.58,3.48,2.56,0,2,35.29,37.5,16.67,16.67,3,1,27,2,0,"No","No","No","No",1,1
358,"2026-05-10","West Ham","Arsenal",0,1,9,15,3,4,4,3,14,12,3,4,0,0,5.29,4.09,1.58,-1,1,33.33,26.67,0.0,25.0,7,1,26,7,0,"No","No","No","Yes",0,3
359,"2026-05-11","Tottenham","Leeds",1,1,16,11,3,4,14,2,12,7,3,1,0,0,1.82,3.82,3.92,0,2,18.75,36.36,33.33,25.0,16,12,19,4,0,"No","No","No","No",1,1
360,"2026-05-13","Manchester City","Crystal Palace",3,0,15,6,4,2,9,4,10,7,0,2,0,0,1.19,7.03,12.75,3,3,26.67,33.33,75.0,0.0,13,5,17,2,0,"No","Yes","Yes","No",3,0
361,"2026-05-15","Aston Villa","Liverpool",4,2,14,16,9,5,4,9,12,9,3,1,0,0,2.76,3.44,2.43,2,6,64.29,31.25,44.44,40.0,13,-5,21,4,0,"No","Yes","No","No",3,0
362,"2026-05-17","Manchester United","Nottingham Forest",3,2,29,11,8,4,7,6,11,5,2,1,0,0,1.58,4.23,4.94,1,5,27.59,36.36,37.5,50.0,13,1,16,3,0,"No","Yes","No","No",3,0
363,"2026-05-17","Brentford","Crystal Palace",2,2,14,16,3,5,9,4,7,5,1,3,0,0,1.71,4.09,4.17,0,4,21.43,31.25,66.67,40.0,13,5,12,4,0,"No","Yes","No","No",1,1
364,"2026-05-17","Everton","Sunderland",1,3,10,7,4,3,3,2,14,9,3,0,0,0,1.81,3.63,4.18,-2,4,40.0,42.86,25.0,100.0,5,1,23,3,0,"No","Yes","No","No",0,3
365,"2026-05-17","Leeds","Brighton",1,0,7,19,1,8,7,8,9,7,1,0,0,0,3.09,3.57,2.14,1,1,14.29,42.11,100.0,0.0,15,-1,16,1,0,"No","No","Yes","No",3,0
366,"2026-05-17","Wolverhampton Wanderers","Fulham",1,1,11,13,3,5,3,6,20,8,1,0,0,0,3.68,3.78,1.87,0,2,27.27,38.46,33.33,20.0,9,-3,28,1,0,"No","No","No","No",1,1
367,"2026-05-17","Newcastle","West Ham",3,1,15,15,7,8,9,1,8,11,1,3,0,0,2.05,3.78,3.15,2,4,46.67,53.33,42.86,12.5,10,8,19,4,0,"No","Yes","No","No",3,0
368,"2026-05-18","Arsenal","Burnley",1,0,13,5,3,0,3,3,7,16,1,3,0,0,1.08,10.12,22.13,1,1,23.08,0.0,33.33,0.0,6,0,23,4,0,"No","No","Yes","No",3,0
369,"2026-05-19","Bournemouth","Manchester City",1,1,10,14,2,5,7,6,16,7,4,2,0,0,4.42,4.27,1.66,0,2,20.0,35.71,50.0,20.0,13,1,23,6,0,"No","No","No","No",1,1
370,"2026-05-19","Chelsea","Tottenham",2,1,9,9,4,3,3,4,11,18,4,3,0,0,1.9,3.64,3.76,1,3,44.44,33.33,50.0,33.33,7,-1,29,7,0,"No","Yes","No","No",3,0
371,"2026-05-24","Brighton","Manchester United",0,3,13,11,2,7,0,3,11,8,0,1,0,0,1.86,3.98,3.58,-3,3,15.38,63.64,0.0,42.86,3,-3,19,1,0,"No","Yes","No","Yes",0,3
372,"2026-05-24","Burnley","Wolverhampton Wanderers",1,1,16,16,8,4,7,7,10,11,2,2,0,0,2.36,3.5,2.77,0,2,50.0,25.0,12.5,25.0,14,0,21,4,0,"No","No","No","No",1,1
373,"2026-05-24","Crystal Palace","Arsenal",1,2,8,17,3,7,3,4,9,12,0,1,0,0,4.13,3.86,1.76,-1,3,37.5,41.18,33.33,28.57,7,-1,21,1,0,"No","Yes","No","No",0,3
374,"2026-05-24","Fulham","Newcastle",2,0,21,7,6,2,6,6,13,6,2,2,0,0,2.82,3.66,2.27,2,2,28.57,28.57,33.33,0.0,12,0,19,4,0,"No","No","Yes","No",3,0
375,"2026-05-24","Liverpool","Brentford",1,1,24,11,8,2,14,2,9,9,2,3,0,0,1.8,4.09,3.73,0,2,33.33,18.18,12.5,50.0,16,12,18,5,0,"No","No","No","No",1,1
376,"2026-05-24","Manchester City","Aston Villa",1,2,16,12,3,5,9,4,8,4,1,0,0,0,1.28,5.93,8.39,-1,3,18.75,41.67,33.33,40.0,13,5,12,1,0,"No","Yes","No","No",0,3
377,"2026-05-24","Nottingham Forest","Bournemouth",1,1,15,17,5,4,6,3,11,7,1,1,0,0,3.19,3.72,2.05,0,2,33.33,23.53,20.0,25.0,9,3,18,2,0,"No","No","No","No",1,1
378,"2026-05-24","Sunderland","Chelsea",2,1,20,10,2,1,7,7,15,18,3,2,0,0,3.47,3.59,1.99,1,3,10.0,10.0,100.0,100.0,14,0,33,5,0,"No","Yes","No","No",3,0
379,"2026-05-24","Tottenham","Everton",1,0,21,8,6,3,6,2,15,12,5,3,0,1,1.89,3.63,3.78,1,1,28.57,37.5,16.67,0.0,8,4,27,8,1,"Yes","No","Yes","No",3,0
380,"2026-05-24","West Ham","Leeds",3,0,16,13,9,3,6,4,11,14,0,3,0,0,1.82,3.9,3.75,3,3,56.25,23.08,33.33,0.0,10,2,25,3,0,"No","Yes","Yes","No",3,0
330,"2026-04-21","Brighton","Chelsea",3,0,15,6,9,0,6,5,15,6,1,1,0,0,2.44,3.62,2.66,3,3,60.0,0.0,33.33,0.0,11,1,21,2,0,"No","Yes","Yes","No",3,0
